a,9.631065999,3.294558089,16.06528057,15.80656208
a,6.486018529,7.336255485,11.56011662,16.56359439
a,9.780429356,0.9446109085,26.38189333,16.11523549
a,9.226978078,5.507857303,24.46532905,18.33067066
a,9.589532518,9.201424772,13.43445934,11.72641377
a,0.5986366591,8.638631666,26.53742716,19.43487336
a,1.942691672,7.243568625,13.86870953,20.18352918
a,9.895194389,3.715621524,22.02489308,24.68962554
a,5.116910973,1.69921842,17.60965152,10.17606611
a,6.962883402,4.829030311,21.8981065,14.63998479
a,8.227676554,9.68998946,11.49028024,12.05624249
a,5.678294511,2.913137608,22.92788604,29.87387803
a,5.952706231,7.622450129,18.01823034,10.96433441
a,3.442939683,8.754426265,21.00353067,23.60604527
a,6.635215728,6.391378246,28.73349017,25.14076835
a,2.0456123,1.180984504,20.64349065,27.61281242
a,0.3682625767,6.158824221,16.6103094,17.00310524
a,7.744106737,4.847242845,27.65178778,21.59581664
a,6.161733482,6.373040062,16.95641462,29.56604114
a,0.9178624203,4.52811436,16.87331535,21.05281706
a,9.793534317,9.191341349,11.26267287,25.78255404
a,8.143091743,5.336592953,12.00113794,23.73370527
a,6.446547575,6.970961728,13.45631152,13.38431491
a,2.041956781,0.7788781115,19.38891951,19.75984877
a,4.73291843,6.991962202,23.0108326,22.79949194
a,6.757355747,3.061085804,22.82160259,15.48488944
a,1.207232541,9.076259763,14.36574004,10.72607405
a,9.404883306,2.561609878,11.197464,26.17512062
a,6.970148608,4.266835331,17.10920662,26.93883444
a,0.3535245701,5.883193404,16.07467453,17.58757075
a,0.4640463531,5.231186675,26.37680497,26.90806336
a,7.686648765,4.39877709,21.03548341,21.52391599
a,3.062254348,1.553085734,27.91942688,17.80819492
a,3.694861861,7.705181593,29.82115596,15.43834877
a,6.553419341,5.576703279,27.29352226,10.49444646
a,3.752282744,8.898692112,25.19078719,21.17752616
a,4.122579484,6.967167407,17.62676875,15.02560716
a,0.4278048299,1.086602479,15.45711918,22.93072313
a,8.930504677,6.651610977,25.41231509,22.31108801
a,8.182904487,7.048785414,10.65248338,29.46831513
a,6.892865321,3.304778293,18.7847067,19.46036812
a,6.507561836,6.463348906,15.27799514,10.74671843
a,2.760793205,8.043247833,27.73063021,11.4129589
a,1.845852218,7.610442483,29.58912762,23.95790679
a,1.104396053,5.492336668,10.68759508,26.42700777
a,1.162774288,2.968273581,16.37078453,29.10163665
a,6.300789086,1.889747445,26.98368161,28.0046719
a,2.503875476,0.615402133,15.15499959,19.15849929
a,8.128205487,3.390021414,19.57147507,20.8323842
a,0.3992383152,5.853367721,10.83439352,14.94193148
a,2.067748603,0.2338592193,17.50931851,23.31413599
a,6.463388901,9.963719141,28.62449989,19.70730298
a,5.914347707,4.946372828,12.64300226,24.2759036
a,8.042691202,5.513504639,12.32809854,13.59621102
a,6.79848142,5.228331156,29.94101863,26.41934062
a,0.2617894683,0.1232871045,27.85467503,12.99410404
a,5.220229185,4.704458964,15.93650598,24.10286483
a,9.320659675,3.111744938,18.9481298,24.8793619
a,5.197214691,7.192856859,14.72900736,28.02826104
a,7.393836221,1.930924723,27.07586786,11.24195316
a,2.128004082,2.659600725,25.99916763,14.41092808
a,1.983370417,7.806203531,12.43238624,23.64980187
a,2.472519047,5.522583268,24.48949822,21.21189171
a,5.077091069,2.495026172,18.01049164,13.04097907
a,1.851031304,8.468663078,25.40432677,19.00971144
a,9.963722443,0.5784804878,23.69326999,24.81985492
a,0.663296969,7.448180686,25.18206435,29.09040384
a,6.056424912,4.199770585,22.31992927,14.33532618
a,8.82939534,6.010905915,12.09291186,26.33350955
a,4.576323784,9.66365326,14.67864977,22.81925237
a,3.75383498,9.647477697,26.11512946,29.47242648
a,0.4475828953,7.810897716,25.37955709,18.8632191
a,8.11448811,3.300399698,12.54299648,26.30713829
a,8.255589582,2.581832446,26.56094817,15.51175914
a,6.57791689,7.708655241,18.779586,26.44745536
a,2.619814097,4.683043,21.38189527,18.05015085
a,3.042653996,2.750001342,28.76747921,19.16490456
a,5.83290167,9.771278783,24.25435155,22.56492435
a,2.511999809,8.445006342,14.51054076,18.93138256
a,8.117564519,3.068637161,19.76788191,10.35519567
a,4.197897821,6.786894441,29.13988962,26.22270153
a,8.352833133,4.823083223,27.26014868,28.27295724
a,4.957453449,0.06125617556,10.97717939,16.16515633
a,5.621230481,3.52836805,22.98627222,10.07044829
a,4.66365438,3.819691661,13.04831913,12.60322802
a,4.428432714,6.317410773,16.84019291,18.83272928
a,7.611860853,5.171445397,17.50076165,10.16656174
a,8.946975474,8.443203601,25.58116261,15.57358754
a,6.563621209,9.557098205,19.37747645,11.91433191
a,4.135573762,6.261304448,29.51848704,24.07289801
a,8.529382863,1.668376062,29.20074058,15.1351288
a,4.085610398,0.6279788005,24.60764228,27.03356337
a,3.891653793,8.67813998,28.81886791,22.88048367
a,0.4463645091,0.1280534228,26.91089772,13.63616009
a,2.970183719,6.444619753,19.96900293,23.81016501
a,6.280534124,6.046544529,11.37556369,23.5694127
a,6.630722395,1.853952522,10.0091039,27.92736607
a,3.201621396,3.498123238,11.88299015,17.614626
a,0.03892008687,6.965089041,24.27224028,10.78191022
a,2.144739378,5.628479221,14.52144535,29.86219572
a,1.160932791,3.121132855,19.49632921,23.71959765
a,0.622404777,0.3016481231,21.03599238,21.63832225
a,8.11229272,5.691169677,17.78243887,12.75582172
a,1.816878509,1.187362094,24.40849585,22.22005981
a,1.956608787,2.606654933,25.53477809,13.65157603
a,3.360616778,7.662487304,23.52087951,26.41681548
a,4.055659313,2.356417742,26.8355012,15.76998006
a,6.156393677,0.4406106895,28.854761,24.09642986
a,9.572436557,9.60434592,25.70745554,12.29144735
a,6.088661829,2.343840603,16.18058751,21.73396494
a,1.228711322,9.093816192,16.71798753,19.36562124
a,3.977707972,6.130878645,10.18940083,21.06131852
a,9.91867299,1.002926061,28.37694332,11.7782025
a,1.628170539,3.795430995,25.02035002,24.89579787
a,1.280213325,3.41459741,28.78198269,27.71079499
a,4.323480209,4.249017925,13.6370876,25.22576812
a,9.825414822,0.06560999276,27.96432984,20.17189449
a,2.617784617,8.802245424,23.00615958,13.63151162
a,4.731803222,4.038625888,16.38809222,17.67714497
a,8.77692229,6.358602171,17.03053038,19.1194117
a,3.895931922,0.5612728265,24.05626622,21.75698543
a,5.720005574,2.734841077,14.19135399,23.44759701
a,5.35085631,4.57634335,29.67655854,13.86981773
a,8.813177709,1.022013478,11.85112524,29.02116152
a,7.649062263,1.247175886,14.34014656,29.29881476
a,3.367104469,2.401212452,14.17133034,19.43509222
a,3.312411985,0.0622781668,19.16650401,20.61049538
a,3.18976382,9.328091474,25.59772825,17.743025
a,1.950668801,5.703256628,11.36741433,18.25319498
a,8.046096038,5.500221507,16.86637976,12.52995708
a,2.150162389,1.340114833,28.18330059,20.87355021
a,0.3760764388,9.521344487,15.48355684,26.86704014
a,3.734159989,2.51798089,13.14499274,12.92913013
a,4.122774016,1.676591425,17.632651,10.22657484
a,4.496503085,2.299329082,24.11406132,12.17533004
a,1.021956859,5.732723317,23.46121168,18.435341
a,8.010072635,0.8257570906,17.55483972,14.60466263
a,2.2048092,0.1774600362,22.70123498,11.7443771
a,1.611647463,4.963381863,18.49125963,29.41656298
a,5.465320468,5.811957835,22.57582856,26.09334479
a,6.164716016,6.195913951,10.60162923,21.59584015
a,1.043909897,9.110498945,14.94538032,17.64759563
a,1.701803172,7.429478361,25.90447192,24.67789137
a,1.278849263,3.261456189,24.64635179,25.68606719
a,5.547879831,1.873238826,18.4885575,11.27881312
a,1.977045411,1.303593205,25.97582658,23.91813841
a,2.026409906,9.659889756,11.74024588,13.96852784
a,5.855746412,8.271765644,19.27493248,15.3075593
a,5.349604739,0.3700811899,13.52127199,14.06505232
a,0.9067317665,1.76608342,24.56426839,10.48159005
a,9.794441742,2.124834514,18.75009391,20.92803752
a,9.034552331,2.858597076,14.1844555,14.80347049
a,3.766014063,0.410015998,23.83992957,29.32969544
a,2.820379135,1.751571976,11.39494239,14.18633901
a,6.849770244,2.296926135,22.44661069,27.48124773
a,0.7630251922,5.101411097,26.88418631,14.72673933
a,1.45420912,4.223071748,16.979374,13.29301498
a,3.848703426,4.422290196,10.14433714,16.23582653
a,3.145591067,3.997180139,25.32771753,21.4462756
a,8.801081756,7.483567087,17.66354697,24.74640511
a,6.276227357,0.1925190137,27.25744504,28.85501406
a,5.863198841,7.115028148,24.88903277,14.07392358
a,4.007912524,4.592585278,19.92902859,11.09568954
a,1.462802486,4.334034307,13.91401503,11.5095469
a,4.332060683,5.853223531,16.99140608,27.3831461
a,8.612673847,5.208627908,13.84166077,27.72343366
a,6.188107056,5.045237704,10.70434572,16.67078998
a,0.3974981745,3.370666069,15.77914843,15.95634667
a,2.281740183,6.241559756,21.54250088,12.45315968
a,4.39884871,2.593038572,29.41499144,10.57771529
a,7.704524962,7.813034896,24.73427647,28.84901496
a,8.409839368,6.345036876,13.13273341,20.0882785
a,5.956479542,2.596888681,28.18863605,15.54306691
a,0.29101704,3.739933989,14.61414734,14.64543546
a,6.473170146,7.601935821,21.26297611,24.1644757
a,7.319048195,3.788839793,23.88506122,13.18942132
a,0.2588830618,6.414596858,18.82518397,13.68024097
a,2.879768301,2.374892385,25.75693703,20.24844507
a,2.727439894,9.969780405,10.06301673,27.38161082
a,0.8571526896,8.861849174,23.61732513,27.50089854
a,5.352215811,3.850698649,26.49391444,19.04163201
a,0.5697735927,1.751140053,11.52232105,20.1727797
a,0.2269253445,2.781673905,28.62838103,10.82196958
a,7.606304126,5.301444203,16.5441477,13.34843947
a,4.138736134,5.478001461,15.7400516,10.50711578
a,8.411633734,1.524855297,18.32699402,28.27278597
a,1.25527554,5.516931773,28.19557863,20.64412008
a,8.975155792,4.473694826,17.80422635,23.72306969
a,6.027090301,6.393831236,16.79745228,17.16596015
a,0.4727901683,6.232037475,12.03010194,22.52837176
a,0.4071234982,1.427588529,18.59289034,20.07668022
a,7.214305381,6.526011625,17.07911176,18.31492385
a,1.98877025,1.679323753,23.60191364,23.7764227
a,4.747498177,0.3669360098,25.96607412,12.55538255
a,2.164075435,7.548468322,21.91773713,19.60447562
a,8.470799111,0.6413562795,13.54010435,17.00018382
a,5.903634219,2.210274842,25.63260279,28.17846692
a,5.605861419,5.062043449,25.3055883,21.5691028
a,7.259761404,7.558818605,25.04217188,24.10782103
a,5.881698873,9.394016286,12.12328089,12.7811431
a,7.194487945,5.819556714,23.58161296,20.65961152
a,8.781932212,1.369651325,17.74465712,12.80088182
a,2.833949677,2.495505197,20.94649801,26.95492893
a,7.706711258,2.206941001,11.13264157,14.17939396
a,9.750730831,8.81109424,18.85164352,15.27389477
a,3.900869705,5.144966341,20.52183833,10.36788385
a,1.375722705,4.317771059,28.88101262,21.0474398
a,5.499879602,2.910640602,11.1713869,27.08214264
a,2.141062974,2.825404072,26.88180681,23.11397466
a,9.54516499,8.530792184,13.76357324,24.59596548
a,3.455715765,7.323557647,23.35587472,16.8190817
a,7.320338662,6.403647121,15.40131503,26.04164571
a,4.115255534,2.056697285,24.3015573,17.53634464
a,5.859925594,3.043771225,10.15764882,11.7956752
a,9.247418381,2.417387143,21.95909925,17.18745066
a,0.9821314206,9.414539278,11.13034722,25.02777543
a,4.394982553,5.821543825,19.91274915,21.33968017
a,9.697224225,9.262189451,10.95478331,18.49138103
a,3.837538435,9.229808465,22.00267368,19.45891856
a,2.343087768,0.3655280636,22.72817719,17.63370693
a,4.753716556,1.479099276,19.49981389,25.89630734
a,7.29950929,8.115345314,18.29833933,20.10351893
a,1.325427861,1.088406684,15.99680163,14.18666533
a,3.63276725,3.337606262,25.87004572,16.73473275
a,5.385686064,2.70289508,14.46806954,12.23679939
a,9.52207772,8.774478684,13.88216032,24.08397168
a,2.711571169,7.840372043,15.95227214,10.98183639
a,6.819463405,1.13725946,13.10863938,23.60020112
a,6.563895538,8.104189436,24.31014932,24.08769469
a,4.594610766,8.145264462,13.93653222,27.50456875
a,2.575138246,1.526635069,16.5109517,21.2778249
a,7.016270367,2.464740415,20.77411511,16.45857769
a,1.587207829,5.206883137,22.90055744,22.86234225
a,3.421772546,6.961866741,10.54227125,19.09871099
a,9.540596404,9.907560695,26.90440249,28.04767783
a,0.9262119603,8.183904302,27.20225078,28.51563664
a,6.016488766,4.773995794,18.61835006,14.60487082
a,2.422870222,7.482557628,29.27293397,15.75612263
a,5.533387145,2.84020817,21.74062587,12.47462974
a,5.326434247,1.69360971,12.29071791,25.42577317
a,8.19981559,0.4857058048,18.29794084,18.88728473
a,8.910577232,7.786896622,13.16515701,23.47072841
a,8.824665622,6.507150278,20.61893053,27.57575954
a,0.5914598227,8.400678283,28.38348137,12.21644056
a,6.086746334,8.968951748,25.00803223,29.65968314
a,4.008719036,7.674473451,23.01711602,12.74165344
a,5.86510107,0.4968580537,26.57292589,28.77877234
a,4.255504077,9.294418909,12.48332567,19.66571587
a,5.331652902,5.17859812,19.65866902,18.05360402
a,8.109121472,1.165213703,24.01511468,18.42734764
a,6.907741129,2.735645396,13.3416399,11.45190648
a,9.613855285,3.622715033,29.79250166,20.13298653
a,3.686114789,8.130160865,16.43642295,27.13849402
a,3.867520594,0.6012455329,28.68829619,14.05283959
a,0.4199377481,7.271178584,11.46876111,25.38696704
a,4.363316369,5.669673092,18.5815034,22.84276558
a,6.680378294,1.984098284,22.06769339,28.63130558
a,1.738537045,7.350330804,26.19147941,10.57011148
a,1.284336069,9.907545841,23.2300094,16.23548147
a,4.281708851,0.6348334711,26.38596548,18.62162905
a,9.593875628,7.481662777,28.91014261,11.55921229
a,3.049710275,4.110857451,27.91612144,29.57159824
a,7.788925642,6.691891353,16.38862738,23.89798279
a,6.946440406,4.613944964,27.53168897,24.08827867
a,0.7148074322,8.732314247,11.87224828,12.87545777
a,5.614598191,3.818394642,19.42940411,20.95681638
a,2.406154482,0.2526112757,26.77899896,27.86641633
a,0.4921337253,3.681301471,11.9877896,15.29673271
a,0.8887877158,0.3526988015,19.16098555,20.02832327
a,6.884936354,0.1538099037,28.7414465,15.05211401
a,1.36110529,8.989111059,19.71839154,29.51967295
a,2.407318672,7.073639651,15.54797405,20.83263672
a,4.356552208,9.957187333,26.85763258,15.4832221
a,9.64186246,4.652950087,20.90064124,19.18354465
a,7.988733339,4.113127449,20.24682597,21.37224434
a,3.37018664,9.475602249,21.33993662,24.36270454
a,5.88072705,0.9999777557,27.32170096,13.19792098
a,5.226200955,5.417884157,28.9171171,28.7028714
a,4.880169049,9.541611063,22.19506931,13.27600731
a,1.123407324,7.406760437,22.66288637,26.63727983
a,9.161662531,0.9687599442,21.42299123,17.05088353
a,9.307811458,2.429707576,11.01432495,22.46669168
a,9.818081333,9.641171849,26.0807514,25.5751297
a,9.388008121,4.710200785,17.15319474,16.94602543
a,1.542327168,9.92994166,24.60177459,11.22274011
a,5.194000139,4.462910305,24.20875015,12.76868726
a,0.5011031055,9.824088698,15.83260932,19.21410359
a,6.816316406,2.142674235,22.27817113,24.02673656
a,0.002266083041,4.425439708,16.75709673,12.53088265
a,9.676991328,2.601307146,24.21775072,19.72500163
a,3.057321429,4.995878954,24.34285655,12.79890131
a,0.9839636873,6.066307902,22.15796026,16.42727971
a,3.440620475,1.721030583,25.96321044,14.71718482
a,6.420464922,5.355530501,21.6955163,20.11273978
a,9.346826995,0.8544322383,17.84767322,16.61125839
a,2.420951886,1.241877847,15.7155704,22.32065569
a,6.24821004,9.406266059,16.01412926,14.68884613
a,1.885152967,0.3820847365,24.79715765,20.66159563
a,8.053329881,3.04070625,29.13582725,13.57608122
a,3.681784043,2.723647059,16.15501834,18.77318876
a,8.168678278,5.345949158,27.79631076,10.71236236
a,8.793501744,7.803965646,18.07091906,25.79860142
a,4.564834199,9.140984791,29.58541599,17.18197822
a,8.454654598,1.855762911,11.76760675,20.46583859
a,5.448700006,2.983175061,24.48945871,22.56061962
a,2.13339348,0.1328380814,27.67851143,29.84600433
a,4.643377819,8.540699262,10.02873434,16.35491735
a,5.709705604,1.370219692,18.06632328,17.86864014
a,8.277251449,6.993931805,10.59545765,23.61311408
a,2.700933262,3.792781377,22.94357808,23.67226889
a,6.883833526,5.129811044,20.44526862,17.28501002
a,3.886341759,4.586381787,11.24836345,14.8682676
a,9.513942702,4.293265766,14.79542577,14.90929749
a,3.182296175,7.245591743,24.22828063,25.79619963
a,8.961771971,7.859758095,18.48281471,12.20641539
a,0.1196115152,3.712070451,12.98578182,15.84872113
a,9.706412014,5.39300843,26.63489618,11.15504504
a,1.774638594,0.7176527495,27.13800995,27.94419567
a,2.670389185,4.151962424,16.80671941,25.13037501
a,9.505647624,2.246213027,16.54426492,12.22514066
a,3.396784677,1.111065407,17.03712322,28.6822538
a,8.346071344,2.528363379,13.05422364,25.06062429
a,2.746494244,1.15790209,19.27725169,24.53136805
a,9.406172246,6.483053506,24.23003236,18.4307467
a,1.717191959,9.632269865,12.64451255,25.36155755
a,8.134694632,7.020131189,15.99540801,19.77132307
a,4.485561351,9.870743026,15.95509382,12.98639669
a,3.792063741,1.117927336,26.16485947,27.35690009
a,6.274354331,8.920795083,13.98817693,22.46817513
a,7.986696928,9.089928404,15.8061654,11.30022473
a,5.145843266,7.088536291,26.93495948,23.76738925
a,2.625985789,3.95459741,10.38922783,15.24629386
a,9.323225792,9.484133796,27.48561794,18.50087913
a,0.1335153194,0.3224083535,27.67442572,18.83910955
a,4.141547355,0.2289749904,25.00733716,14.38673514
a,1.284079827,4.714152969,14.29359936,26.03926468
a,5.229701886,2.488635628,21.26652844,24.95409085
a,8.508059075,1.724586627,17.97678274,29.37048113
a,7.025074781,9.995716325,27.14835947,27.09594138
a,5.016718779,2.94547133,27.37781566,25.17323187
a,8.222389563,8.22661057,14.82672773,14.04309862
a,2.599994381,8.062083016,16.4519566,19.94356554
a,8.258321572,5.896264065,24.83779518,26.33741547
a,3.448324242,0.03724131784,15.3386224,12.83526138
a,1.433439992,9.934992624,12.51021373,28.38240396
a,3.850093031,8.796927436,14.70238121,24.40343976
a,7.773042228,9.611414797,23.20516641,23.14937056
a,0.1162464656,0.3315504333,15.48531957,26.66775287
a,2.228442612,7.965567711,10.81934493,22.61719187
a,9.58364363,0.6269267838,21.02391567,14.57328084
b,26.3202767,21.21626565,34.50199738,33.26193038
b,26.14611529,26.33903283,31.74176716,36.96362784
b,46.47615358,29.30676279,39.77657327,38.50396182
b,48.44876997,26.62659547,35.78184001,37.9448716
b,33.82651297,23.25278594,38.707083,35.85896763
b,33.14538308,23.0555816,30.71356061,31.54820199
b,29.60800357,27.4569973,33.38686976,36.48402899
b,48.79620597,26.98964867,33.90301005,33.74572933
b,23.69859065,27.65394984,38.83621308,32.75896168
b,35.04665014,26.38062206,33.61909376,37.47449187
b,35.88858536,27.64959892,33.80044927,35.27744735
b,46.70301506,26.37305646,30.19329584,33.38033127
b,33.16529445,20.51943239,33.76549912,39.22841963
b,32.92723392,20.63694858,37.69762047,31.53405905
b,30.45653592,22.42927994,33.41736526,38.95677319
b,30.10532656,22.8426618,34.61728634,34.15897277
b,27.13769953,29.74286769,38.27216242,31.99245776
b,34.44424201,20.1921237,34.49473252,31.90879134
b,39.1070481,22.5801765,37.7032409,36.33701534
b,27.85178977,23.42036182,30.02150144,38.73506403
b,43.73394269,20.4906699,34.09196893,37.29663026
b,38.1543314,20.18143867,36.55455933,32.8831222
b,22.48467995,28.40545135,35.32873364,32.65074586
b,32.20693284,21.23284863,33.5336205,34.05563147
b,23.5306266,23.53241619,30.39072524,37.4453199
b,47.95066012,21.33243857,34.77603007,39.28281155
b,24.14334979,26.35845782,30.22306399,32.19977211
b,48.97170499,29.26191584,31.12577823,32.53838019
b,40.18140995,21.42279316,38.64983774,30.81669253
b,42.61702874,23.89100722,31.43319826,35.64029097
b,37.47352566,26.0254676,30.54160528,36.98337143
b,20.22121125,25.69632608,30.34191909,30.47531965
b,47.40278542,27.5351046,36.96593493,30.35421168
b,35.4991997,25.64901807,33.85962913,35.08656963
b,26.49659475,22.45995927,39.54753611,36.30308882
b,24.65962907,25.88524072,36.18921663,38.66295125
b,27.32704973,22.94634208,38.76454993,35.53471864
b,29.29341696,29.07354392,33.7968491,32.9697041
b,25.52642373,28.86847099,33.4075568,32.34409704
b,20.59231538,25.89321236,35.19355335,30.25901943
b,45.22245223,26.17381903,30.92786892,32.81307268
b,30.95210189,22.53763147,37.40685854,30.19982982
b,32.69810651,24.64801537,30.90166601,36.73311786
b,46.5151044,22.65674096,32.61906575,30.86582463
b,45.5805409,20.7633663,36.33653875,39.54335534
b,21.70674497,20.65263781,30.94870569,31.32075597
b,42.36390118,23.77505569,30.04700184,33.07290855
b,24.32078643,25.74239094,37.85174852,35.84009798
b,34.57068819,25.72908965,35.82553946,36.3766357
b,47.20797857,28.70212983,37.11912488,32.30812072
b,21.35634996,28.54604583,36.63574477,30.45330793
b,20.12277758,25.70647116,32.94712477,39.82944051
b,33.86180851,23.8446916,34.5541177,33.13529958
b,22.78284163,26.17734416,37.0572348,33.09411203
b,24.11859003,23.66953266,39.68708196,32.93884673
b,47.69597741,24.05627779,39.34197547,33.53532226
b,30.81126175,22.7863544,37.78978385,33.1639409
b,48.80923113,24.41421277,33.01330248,39.81874873
b,41.70185188,25.70981999,38.81323641,30.0329197
b,29.53481317,29.81289976,37.73013369,32.70264654
b,30.02094546,24.12718553,31.10637078,31.15681458
b,21.2075388,23.33194826,36.68156596,31.80772465
b,49.63014362,22.88219625,38.49955661,33.11852124
b,20.52847336,27.67558615,36.10234063,34.33587449
b,41.26057154,25.18322643,39.99615548,39.46185293
b,22.04947599,22.27319365,38.19712374,38.27681533
b,29.63212372,20.19972348,34.29866877,32.87554155
b,49.2533223,22.78767612,30.95016327,35.1417138
b,48.75813528,28.71102264,33.89604295,37.86124494
b,35.28409087,29.94573305,30.79688257,39.76284774
b,40.24016192,24.97158946,35.9386938,32.67462788
b,41.88251359,27.10409202,36.63397652,37.19836876
b,36.85756626,25.45675807,39.62781368,31.82857579
b,22.58096402,28.46576565,36.14457068,39.28123183
b,21.25658456,27.65302288,32.34552344,32.94760528
b,23.71277924,22.36039472,37.91500594,35.85135278
b,27.04357277,24.55695025,39.25243148,34.2625325
b,44.29059986,26.50274267,35.31981228,38.21005406
b,37.0871121,23.04676946,33.57916162,31.53446333
b,43.30841483,24.64340055,30.65143359,34.83586493
b,21.33366739,26.79070816,37.33841571,35.69716836
b,20.52200142,26.52576632,30.47126467,31.90073537
b,43.94147971,26.85613216,34.6841272,35.00690181
b,44.26244674,25.56336222,35.65856663,33.62572782
b,47.03738645,25.68355415,32.64427545,37.98873225
b,47.33743427,21.15155013,32.13381806,30.01524944
b,35.90124961,22.58957307,36.45391828,35.96844138
b,29.57499092,25.02771084,30.73306896,32.00888665
b,47.88269107,21.46280624,39.21500596,36.47905979
b,23.06437511,23.59394448,37.20985767,36.58990476
b,44.85480695,23.81687773,38.10954154,31.33109617
b,23.64879638,20.61636193,35.84125349,36.8894743
b,26.5095608,22.86452435,31.89264763,35.63552709
b,39.72465305,27.21502156,32.61458843,34.82568897
b,39.29954338,26.77688264,36.89210205,36.56860789
b,26.90197668,28.55858197,36.47143879,36.31643488
b,33.33077059,21.79201878,31.24090769,33.16756645
b,24.58077161,29.17772524,39.58542221,31.60517542
b,37.01123358,28.33676435,39.56945523,30.94624391
b,37.99793053,21.31141988,30.1503679,35.73871306
b,46.75985857,25.82592052,32.88384416,37.61974497
b,26.79942559,23.20008202,33.65542776,36.73599231
b,26.58059228,24.30289193,30.85692313,38.72715669
b,38.69244872,26.73969858,31.12368806,31.48700403
b,29.80627806,23.5858148,36.25861265,34.44140578
b,24.23219957,26.41097521,35.29084273,31.92085523
b,42.81702295,23.08324083,33.75207229,31.35530645
b,46.29800564,23.89757091,38.2004954,36.48206675
b,28.03774088,27.94343722,37.78227538,35.53287216
b,45.31345591,25.30748147,36.19264808,34.4541603
b,21.01955277,29.70137067,36.78355337,35.61494558
b,38.76524598,20.41163657,30.76194088,33.1695986
b,23.90974394,22.08743154,33.43267254,37.26821311
b,21.07541241,25.81376929,36.26220591,30.64514107
b,45.11495389,25.161965,33.17400495,32.76666653
b,37.38165127,26.46562341,37.93389713,38.68167488
b,42.46228937,23.43967062,35.74335687,31.99457175
b,42.28040285,22.4415606,36.23095851,33.96758884
b,44.66305551,26.16793203,36.91701752,33.66001104
b,32.08739565,20.38662872,35.92369195,37.22474771
b,43.38378304,20.42313988,30.21258949,38.0080571
b,46.67033018,21.55215499,30.95419105,32.93613298
b,35.72924123,20.1890705,30.76816296,34.82264378
b,34.40839451,20.83292565,38.52089902,34.69421002
b,34.44213059,27.08138288,36.12639962,33.00619696
b,31.33330183,23.72001562,38.36885612,33.70908617
b,20.62413287,20.88229626,31.15008331,30.52608519
b,33.0065312,20.5833299,35.76219654,30.51552073
b,31.28301331,20.54951023,36.79570595,36.01695472
b,25.18745933,20.19791883,39.11546107,32.41785071
b,41.51046219,28.86343156,34.97164475,35.82801083
b,46.84708101,26.92813078,35.76028338,31.71189286
b,28.59535604,26.37676887,34.20750073,32.80430772
b,46.58198838,28.48366469,31.8240171,32.2228877
b,42.87713441,22.83055742,33.36115243,35.59110992
b,20.98331507,23.66158336,34.69686161,34.19854378
b,27.64397896,26.70067758,33.09009641,39.75038794
b,31.0153192,21.98835188,39.06405281,30.09624921
b,37.88047259,26.03892851,37.31362831,34.47850864
b,29.95829654,29.6759633,39.97967925,36.30350852
b,45.16944237,26.27272097,39.39243436,31.21418639
b,43.97051745,28.80621325,38.95868709,38.33067173
b,23.55265503,23.1274492,30.25215116,32.92575382
b,23.8238622,29.15718567,31.56363594,39.5150146
b,28.65507174,21.33560807,38.17745724,35.36681817
b,43.86785758,24.5860151,37.46276795,35.77523403
b,49.87733398,22.29671409,32.50326044,34.08936185
b,31.77678995,28.38198394,36.43595264,31.45542124
b,22.96117658,26.35209458,35.92954193,33.50335275
b,20.13458759,24.5040192,36.30507132,33.79757516
b,37.7324511,27.83860966,32.68642052,36.77192698
b,28.41215981,24.11665314,31.26540121,36.08171824
b,33.32645286,23.58536422,32.2759976,37.83120305
b,41.39187881,29.33850557,31.59456354,31.97267717
b,20.70023093,28.01747848,31.0175491,39.3237949
b,47.59389367,28.61735524,38.2155983,36.11259087
b,49.73657551,20.53097526,36.12262314,32.73508074
b,48.75896317,20.64585979,38.09072602,38.49820904
b,45.74436756,23.30284726,39.52660746,39.52129682
b,48.94249122,26.23198665,38.92236192,32.68204326
b,37.65997592,20.20036939,31.20333006,34.51851141
b,39.27446082,20.0382212,34.13794257,30.33643287
b,47.75439657,29.95371526,34.18925327,35.42154739
b,31.93994556,26.60360818,31.63512908,37.21958814
b,30.15080949,29.25594216,36.04382593,34.62191303
b,24.43489256,27.56269537,32.26394869,38.08267409
b,42.95725559,23.954407,33.97255551,32.19380396
b,22.65185535,29.47543789,36.5224371,30.55699636
b,36.31910813,28.99767576,33.33936117,31.31723847
b,48.85037993,24.18212727,30.4423444,30.56035237
b,26.1960324,20.30198688,31.7947732,39.92738963
b,38.0667127,26.09740646,34.14146711,34.26161032
b,21.1681225,24.20133542,33.74653805,34.87917697
b,44.01753411,23.35743724,39.01916856,34.14257667
b,37.07589765,22.64523537,32.39919495,37.41617768
b,43.0523912,22.23427465,32.07164994,39.19621902
b,31.79885033,24.80822748,39.0891823,31.23292241
b,42.20953122,26.73152095,38.30353598,31.80030094
b,49.97723045,28.27519001,32.1420418,36.91963864
b,34.92981132,27.77531322,34.71233469,36.30549666
b,34.98175424,25.46652072,39.97827694,39.0785003
b,45.48337679,28.91471079,31.82233743,36.87704419
b,32.93592634,23.46724638,35.69443331,34.90045104
b,30.66379851,27.94554626,31.24451916,34.62900265
b,21.09566243,27.92412832,32.8459597,35.49165975
b,44.80435266,26.37179869,30.23900179,36.59017207
b,40.39089596,24.17482229,34.65841467,33.73867315
b,31.6711285,21.11855572,36.75664402,31.54074432
b,29.43386369,21.27315554,31.39358077,35.00132667
b,24.28765973,25.41062364,30.9363203,30.25874067
b,24.79874961,27.07458659,33.09704709,39.42247754
b,41.24575845,28.23084975,31.53444864,30.21530376
b,49.87738323,25.04590625,37.45382567,37.14362035
b,25.55724219,24.27221987,38.26333471,37.25790407
b,42.11566938,25.9632465,34.97856113,30.21544968
b,29.60124636,28.79779192,33.51488911,39.32052418
b,25.93544958,20.16245458,36.26689852,37.49243159
b,47.22179884,24.3225292,39.44628586,39.69988244
b,26.14646943,28.50590139,38.53457125,31.30044616
b,41.53035802,28.53109516,38.90411948,39.93676087
b,34.15315033,22.72977873,31.1707693,37.16656397
b,34.46798599,25.34567381,31.16362704,34.84149518
b,46.76084566,28.33595653,32.5323543,30.40001838
b,41.68186136,23.5578756,35.95953527,34.70269521
b,24.88627191,25.69245542,32.70548174,35.81343746
b,33.77080435,29.93879355,31.78509748,32.21825391
b,46.97680631,27.50660052,39.46118999,39.37339665
b,22.45450923,26.24127133,36.93587949,34.18770872
b,39.44332768,23.33491931,37.13152629,33.06935498
b,47.72117492,22.0084446,34.27486069,30.50501964
b,33.91129913,24.29384418,30.63276282,36.79003812
b,29.50820776,27.60262167,33.19541048,35.49082211
b,48.59477539,23.63528362,39.36227348,33.49633004
b,24.97070325,24.36856069,34.7587032,39.10322238
b,48.59801907,21.35112354,38.19562814,36.47973597
b,29.89237369,21.34521087,38.48213387,38.06619491
b,27.44942081,23.47072274,35.31047059,39.99547857
b,30.29362865,20.43997724,31.75529753,39.45464274
b,49.67240533,29.21546354,39.06373983,37.05929215
b,27.79147894,24.47957234,35.36009511,31.77518919
b,41.69800979,21.67441923,38.64880042,30.69697276
b,39.76596366,25.05151786,31.07152663,31.08175547
b,25.92382831,20.16520544,35.75904059,37.4357526
b,22.8877829,29.5503569,39.81573627,32.16499453
b,30.22400422,24.94407071,36.984504,34.32655646
b,36.06181888,29.342643,31.36187092,37.35463714
b,22.71496022,27.42929648,39.16811503,33.28620425
b,36.34124973,23.46476284,39.02431398,37.97381675
b,49.08155229,21.60196189,32.4480631,39.04862405
b,28.8669162,24.7676616,35.35185821,35.98443478
b,37.26833679,24.74814202,38.2129044,39.5141344
b,39.3866582,27.92252808,37.28037983,35.86262728
b,31.84063903,28.20659705,31.6959479,39.78586193
b,45.40928883,21.20150505,31.72557561,39.24339777
b,37.8201045,21.28601942,31.43548476,33.68235404
b,39.54789622,26.44748624,35.09232543,37.37347691
b,41.2994294,24.01589656,30.32742583,39.01545142
b,46.1071719,24.1470632,32.67724469,38.9114723
b,31.64095356,26.89505615,35.49690788,35.42248164
b,39.46943841,23.02068381,36.44098668,33.11437117
b,37.56379788,28.30195414,36.71543311,36.04183596
b,20.33407497,26.04408419,32.12685828,30.949458
b,46.92424395,22.73076825,35.5901027,36.82099218
b,33.36502096,27.31506019,39.20231307,39.17070852
b,47.49404039,25.51735897,30.25150841,39.74604811
b,37.30104913,26.6796346,39.59988061,34.89872675
b,43.54131327,22.21916313,32.76684228,38.78182467
b,26.08349505,21.53169036,33.73409891,30.74328029
b,30.51878466,23.31307788,39.00479044,39.81160261
b,27.05613199,27.70012455,34.77100895,33.00750505
b,37.66397352,27.37540368,33.17877016,38.36555662
b,29.79187254,23.83759123,34.6267759,38.01283387
b,25.81607545,28.40790192,31.79507576,31.42694816
b,26.60099261,26.22489338,37.67199862,34.08371782
b,35.25419918,25.47403579,34.23249188,32.10513805
b,23.27555888,23.40508706,30.61826991,39.23119841
b,25.86165778,25.30945373,39.67994182,38.46448492
b,36.1247521,22.56135892,39.56355065,37.07439544
b,29.4209961,21.07077749,32.65872727,30.29818836
b,38.85576923,22.05274168,37.67291906,36.0389727
b,41.34444113,22.88675974,31.85592928,30.13614222
b,40.35499746,27.02172887,39.47126043,39.37164282
b,46.64446577,28.37587114,39.49552525,37.27585723
b,31.92413941,27.48785041,30.2244547,36.00977572
b,42.44915283,23.79438191,30.97379056,36.12552008
b,30.0259858,20.84127459,31.38563057,34.84517115
b,46.86704724,28.9789977,36.98554306,32.64824622
b,28.09451788,23.15049485,35.58304433,37.42105955
b,31.50618047,21.74811476,32.86779716,35.19659298
b,38.464028,26.19816765,37.1261463,36.60139224
b,22.45195844,29.92575477,32.38738503,38.526394
b,22.9719476,29.6591612,36.50639923,31.25148463
b,22.00860119,21.65224322,35.6991123,32.27897572
b,28.29006719,20.33487887,39.86941106,39.46907477
b,41.00881513,27.14569453,33.70100659,37.72082319
b,39.53883783,22.85792007,36.93494125,35.4048584
b,28.99639557,27.57836326,33.51322478,39.02975186
b,33.23944156,28.78113945,33.34134754,37.21156455
b,37.08643948,29.23192744,32.30717895,37.91665123
b,28.15831782,23.46516918,35.89103366,36.16063469
b,25.8078551,23.59576518,39.21144539,32.87186483
b,30.09883403,22.67846497,31.67345917,39.46556516
b,27.73286235,26.57228578,37.52101724,36.82526199
b,44.19478445,23.32393893,34.54227634,31.85097825
b,32.1981693,22.45338005,31.93646595,39.5090722
b,35.76041106,25.2062421,34.92315538,33.40648283
b,46.92250484,20.83205061,38.05957069,33.31254011
b,28.25163036,23.25375926,31.4288602,33.76438867
b,48.8252083,27.11328675,33.87198135,33.91746156
b,24.39314884,22.10937718,35.25813835,35.14033332
b,23.85055098,29.78824238,35.42347547,39.50366984
b,44.02616702,27.50409076,30.85498611,39.27588939
b,33.10248626,20.13578447,31.45637297,34.81352814
b,39.73134549,21.32750786,38.80485275,35.82220998
b,40.09450945,22.51547145,34.19267011,38.86449389
b,28.78173002,29.80931674,39.44434572,32.20377763
b,21.41931728,25.91602459,36.01045586,37.59881722
b,37.48032146,26.72577699,38.16099836,37.50131732
b,20.64295972,29.92335433,34.23617319,35.25943591
b,31.43697389,26.0452985,35.85966515,35.39293821
b,22.72815653,20.77220687,38.77928737,30.78112734
b,42.83931138,20.92716883,30.57210429,33.69256405
b,43.7914873,25.64548922,39.83592392,37.98598503
b,23.27235329,28.48749319,38.68631119,30.52471768
b,28.49912579,25.88533822,35.38803934,30.87227586
b,38.14153251,22.24640818,36.7721664,39.67471945
b,24.9058087,22.27999633,30.7246849,37.78574465
b,46.2537932,26.67063357,37.47995875,30.15336368
b,34.04173506,28.09055304,34.71193104,30.76242823
b,45.61145661,20.72542219,35.48834704,37.51513431
b,49.05207614,27.98161985,30.03800697,38.83204036
b,23.97354587,29.84997181,31.97832313,36.9690244
b,26.19378265,23.51999653,37.1602271,36.57098905
b,30.23925266,28.27036315,38.60973732,30.82102035
b,47.49438134,28.40539286,34.18025779,31.6940935
b,30.20823425,26.06408282,34.47695212,35.28731235
b,42.37744697,29.09727044,37.37429587,37.97405549
b,27.77243033,27.89019615,32.02018148,34.21729665
b,33.05943553,29.00186319,39.60471196,32.27775596
b,40.09408604,22.79923344,30.36908332,39.76542925
b,46.02256652,26.88344188,36.33973076,37.00843296
b,32.824665,27.03684764,37.09516465,32.55099502
b,39.36844492,22.66388433,31.50770301,31.74280714
b,48.91935028,24.25531228,31.84956192,36.34485422
b,23.35710542,26.27461361,37.9125351,30.35221488
b,22.10180745,20.04691627,37.86276165,34.8222295
b,48.93616997,27.72496691,39.43684009,32.39681399
b,33.53390682,20.2133219,39.78282089,30.42059445
b,46.56480709,29.0510575,34.75936828,30.08192267
b,37.74508892,24.68494716,38.82865068,37.84172855
b,45.13717306,21.30919292,34.81328509,34.56555366
b,41.37605958,21.50443462,38.73492627,37.23699823
b,48.31003619,22.27791019,38.71185438,37.90620982
b,45.7915065,27.78826926,38.46518621,34.61492883
b,23.03925388,23.03269318,35.36809275,39.43999779
b,32.11651828,27.08060976,30.16968119,39.51012967
b,42.62980689,24.05743169,30.53495474,37.87612796
b,34.7514001,25.0133925,33.36453762,32.45263214
b,34.10406925,24.05668719,31.49261385,32.89986012
b,26.91956847,27.68677375,38.80879589,37.27670788
b,27.19299937,27.13282596,34.10940097,32.57195613
b,39.30321484,29.68397059,38.05588833,35.80822466
b,39.75494781,26.49208423,39.50296081,35.31370676
b,40.32142725,21.13456346,37.15611755,34.9696065
b,31.92676364,25.3436243,30.02819278,37.76659039
b,44.10545233,25.74032447,35.48669793,38.84145821
b,38.81188509,28.15564882,36.81853484,32.31562795
b,49.7257909,24.1776307,33.18592436,30.71991713
b,29.01011016,27.93263106,33.60715578,30.56549857
b,22.72580991,29.79052879,33.16802732,32.70879552
c,39.19581785,45.35545446,38.1092329,33.11694707
c,48.34437498,41.97702045,42.39056286,35.77114986
c,49.48979395,43.40886365,34.61912766,42.04647318
c,41.12500148,44.52612191,49.96785063,35.16063215
c,37.39169658,39.92307519,48.05803801,30.8872988
c,43.85851621,46.47409866,41.64091813,47.61309225
c,43.1551744,32.07092992,45.16964604,44.47305179
c,49.75518642,45.32202389,47.3297577,48.76637116
c,36.65679748,33.98804228,45.36560544,49.65495619
c,45.7937952,43.5408034,48.43482719,31.57315702
c,48.71489355,41.47130709,42.24243582,37.82779184
c,44.40241694,37.83572255,47.85064952,32.54337529
c,47.05804511,48.01651449,43.83010834,47.40824339
c,48.26541087,49.78916343,32.81266292,38.60303148
c,35.14636381,43.52320497,41.025443,38.84377297
c,48.95976382,31.70962474,42.53044972,49.64763727
c,37.04867771,31.99488222,38.66344975,39.73012945
c,45.12390142,46.51516348,37.56046812,36.86834114
c,36.57875059,49.56271314,48.67973052,42.61562972
c,30.86209615,45.47938495,32.87140686,41.92888673
c,43.89365842,49.16084269,49.81707106,43.07032786
c,30.08759384,32.66810719,41.55529537,47.07152925
c,47.75745062,43.18144003,43.32934928,30.59820783
c,37.50759051,49.89482636,41.13749133,31.2300301
c,36.67321799,40.43760919,39.13588109,49.97051294
c,31.95317333,41.02310087,39.43866619,32.22785688
c,37.08669437,38.76228371,31.87933085,35.55834672
c,32.75736448,39.44399008,41.94192272,40.13971395
c,41.86451789,39.571236,31.34031248,46.2426648
c,34.88437975,47.5566627,47.61815991,31.89452827
c,47.2502729,35.71831964,36.66180389,33.47978613
c,43.51323591,42.08030699,45.16281755,42.1980135
c,41.50144175,48.97107502,48.83650206,40.10054228
c,33.77882881,44.02546083,46.59712387,30.85294212
c,33.4103909,38.4348196,40.91023976,32.42119962
c,46.37360588,37.15289615,40.18696459,31.55524503
c,33.91251077,46.2533531,30.35459581,33.24427243
c,34.71295994,43.74817116,49.63251179,32.24406756
c,48.98464449,31.91439324,43.06181768,48.32735039
c,44.36746872,31.53998744,31.48172291,42.08390567
c,47.03692112,31.48787785,43.41518165,43.89807464
c,30.46510536,30.59046469,47.72084535,45.15694603
c,49.00112339,43.12525238,49.88792146,37.79337487
c,43.76654418,43.98546995,35.49504772,45.94373688
c,34.31871253,45.1478653,40.62384271,31.80110419
c,41.11668793,41.15311632,40.91230089,36.67031518
c,41.03163845,38.05260518,38.4527549,37.78218828
c,40.97553845,47.63856407,48.88363903,41.59991145
c,43.17905554,46.76289486,49.79383934,35.15142003
c,49.73154134,30.16324141,45.95292083,38.34736168
c,33.70307411,44.45317245,36.90008565,42.29501868
c,49.5005252,40.79661915,38.06921662,41.29434825
c,46.06666763,44.27498766,47.89691414,49.50308252
c,43.1133579,49.06865503,30.25495114,37.18359687
c,32.78686601,30.31282834,34.06811423,45.995062
c,36.99545647,35.85103801,40.12291869,47.97015159
c,44.08635363,44.09781242,48.84222348,38.61637109
c,47.64125814,47.83535835,42.19530376,41.00785725
c,34.86660408,48.0073658,47.93246686,44.7842676
c,42.38679529,36.4363228,44.97782706,31.6491716
c,33.20567019,31.87901116,35.08339206,47.26112923
c,30.18348732,49.94814766,47.74214272,48.33643074
c,48.58375925,34.16639154,42.87731259,43.33324169
c,43.07627661,32.78224827,48.96961559,35.2626961
c,43.03971582,33.96565779,43.05369439,45.97323509
c,34.08923887,30.61435215,43.40959584,32.68030678
c,33.46153658,35.2403402,45.79460699,39.56428263
c,42.22178743,45.26916147,49.70532566,39.93526181
c,38.21404584,49.57283302,32.42936071,37.76419582
c,40.25859762,48.17069092,35.54059279,31.30555482
c,46.30685202,48.77061539,31.01146153,36.08753591
c,46.09637807,46.18640202,32.2602654,39.72159397
c,32.30571345,43.65533118,49.2210055,36.78386658
c,43.29061283,38.69326145,35.91782596,48.44682232
c,45.19043614,30.3628585,44.04563545,48.5902772
c,41.52539663,49.6938512,36.70303317,35.79666976
c,44.36243281,30.48248814,32.69318674,48.93629574
c,32.70949468,43.81064803,43.70283724,42.97396228
c,41.00506094,36.36333903,34.18915355,41.17932067
c,43.40174497,39.98660518,36.94866884,40.09890633
c,47.99987147,37.91613553,36.11208393,44.44869563
c,49.26893459,41.72015727,43.70323204,30.51178368
c,46.60189183,32.23847091,45.92005064,38.67655033
c,42.27926593,47.66277224,40.93992515,38.42647349
c,43.07706334,42.39168048,31.32130351,32.39353554
c,46.33455195,31.40717966,30.96801192,30.01292877
c,33.50496652,36.65745488,39.14223927,45.86757546
c,42.04424886,44.29439546,42.15667051,42.98673457
c,39.94995009,44.60230902,47.14581118,47.16376217
c,46.34446591,40.06767349,31.71104216,44.78387166
c,46.20379676,31.27804403,48.25350202,43.70351682
c,37.66506576,45.20150137,32.45341122,44.39880777
c,46.30304492,35.88631493,31.62398728,36.90114518
c,42.34799023,43.7337761,30.56263328,47.96404657
c,44.02409547,46.2354373,30.04161152,32.45591006
c,43.01992809,30.42927228,46.2249422,33.14925513
c,46.55922411,45.317555,48.06780628,43.87774585
c,34.62245653,31.10253892,34.14925694,42.45809729
c,40.57662999,31.33429379,30.40857115,31.82473993
c,38.80277387,33.92834348,45.90011946,40.50089638
c,43.86764097,37.49902704,34.95114373,46.83051135
c,32.36815915,40.56778795,41.00138006,45.32125426
c,30.78420016,42.94387638,39.92298532,47.99959768
c,30.50727198,30.93822758,38.76376237,48.85474778
c,34.66976584,31.05957462,39.62620572,35.24899602
c,30.4814268,40.45510913,47.78942869,46.59783465
c,35.48673918,36.59631592,48.20055184,37.67396173
c,46.48895962,33.57386171,35.1066752,41.56508439
c,45.84355251,47.85371565,35.86808573,45.61620559
c,31.40581887,42.45995814,41.88787412,32.61286855
c,33.62454232,35.28800635,47.11267944,39.01260641
c,46.10549941,44.61527912,37.70379876,42.20762933
c,44.42572639,42.86459693,35.24744465,49.60256598
c,42.06144738,38.28889649,30.26744509,43.71685114
c,31.99961875,43.48411751,32.82323188,39.57213327
c,47.93506309,39.50040937,32.62048348,33.30086679
c,49.91220019,44.81007368,42.33131593,44.21301928
c,35.85242173,49.50395168,34.71546313,36.48361621
c,42.61517084,36.82623957,36.65339654,31.17462958
c,48.07284109,46.52099964,31.34688922,44.48048209
c,39.13661491,37.451912,43.71203811,33.88724156
c,49.75242089,40.57010224,43.38430734,40.36133927
c,37.5931948,37.54314817,34.77467608,41.73444803
c,38.50567634,35.2216624,34.26051043,40.12692303
c,33.72700399,31.60811939,40.8643082,34.55299093
c,46.46839141,45.10588835,48.66799921,38.7766628
c,31.67020739,45.56469631,46.73000695,34.03811732
c,35.56482157,43.00204886,45.41682325,36.44608892
c,40.14058293,37.86839931,36.83036396,49.63257375
c,31.68236416,35.33714726,41.4069155,44.69194765
c,42.27110221,35.33883152,32.78300456,41.47737167
c,48.4568253,49.92214753,48.66806312,38.00314512
c,32.27666574,30.01272761,46.73328828,48.00244141
c,36.37140621,44.75387316,31.4206238,40.61564769
c,37.16112348,48.35173554,40.09532778,30.73530884
c,37.87253865,31.7107052,35.1101218,43.70946036
c,46.66770321,49.13306072,42.11844124,33.90590953
c,34.20568784,33.97020364,44.36884554,33.06581237
c,39.67597058,31.35109498,47.73217559,41.42567355
c,34.67425085,40.97677698,31.85757261,32.26267119
c,40.24844958,38.45816089,39.1230148,38.81900195
c,44.02468045,49.78752841,44.94054408,31.48671204
c,41.53002449,30.27248791,40.49590386,32.68526206
c,48.66094706,46.62439697,42.14682014,37.03986858
c,40.70325125,38.88155236,40.4737138,45.26942254
c,47.39147831,47.46072566,36.37113398,41.6185884
c,33.20270123,49.8689038,41.58776768,46.71945805
c,37.41169124,41.47037738,46.76737428,40.4439149
c,39.39146367,35.19260057,41.31256126,32.60864708
c,31.22524435,46.16752299,46.28781982,43.32053133
c,41.90292949,49.04338424,34.09779116,39.30088637
c,45.20713712,48.06523186,36.82124963,37.70287829
c,36.85098812,43.01071473,48.85083007,34.73714587
c,45.51178038,47.68098148,48.88305715,42.84648025
c,47.11175144,41.88478978,41.32275928,47.22119662
c,42.02916028,32.71722189,47.81048949,40.12259919
c,30.87994083,46.42267892,45.85109687,39.78272585
c,46.09222551,48.24510703,33.41613961,49.57434766
c,43.70305336,34.40669079,35.91233643,42.69597149
c,32.63861797,37.71953099,45.05281593,47.79237668
c,37.19644004,36.32310441,47.93742559,41.73200167
c,32.52987573,33.65358427,49.04291211,47.18827352
c,42.64241435,46.98938427,47.84331005,44.72275742
c,45.73123197,41.78056142,30.42540519,41.7437843
c,32.67652133,39.45800956,44.73366872,34.01499131
c,31.0551314,47.53163927,35.97360547,49.3139985
c,39.26408767,32.52503608,41.22195867,37.39222245
c,33.17159787,38.65735798,40.43678392,45.5626062
c,31.17017964,48.17152404,34.82990298,35.04283381
c,32.58856735,42.82102258,32.95879997,49.60736686
c,39.12609973,40.26594735,49.91454375,45.15243783
c,49.30531922,43.99215536,45.62685751,46.45390227
c,41.89553243,40.85571847,44.57698128,35.69863482
c,35.84212946,46.46812123,31.10351194,36.29595035
c,31.44348114,35.37594571,42.00593005,35.02628686
c,40.34926576,40.35205131,41.29505606,45.76019501
c,40.41110949,43.10355658,40.70921458,38.78143729
c,45.49845713,47.31519308,44.0094054,41.17380194
c,40.09961638,44.18490159,43.0863276,35.78199542
c,33.85995707,30.47180419,39.55661211,48.93278486
c,42.16626984,39.56497609,46.79517839,40.40331512
c,35.46832825,37.19472685,44.24512964,33.04932887
c,42.23572308,35.14637116,48.36615878,44.05678969
c,38.28007206,48.6997556,32.72695655,44.9561881
c,48.62973993,46.50609273,33.51664229,43.3395923
c,47.22623079,35.22692989,36.14477924,45.64629582
c,44.41845315,45.49836162,33.61905407,47.43367882
c,42.56308247,40.64687879,38.03424523,45.22569874
c,35.99627983,35.07152848,32.77562592,32.33218951
c,33.22405951,45.32033529,34.93448388,49.9579497
c,46.38562187,43.62722289,34.95296812,34.47136189
c,45.87601096,41.03895152,33.66000838,31.87807904
c,36.47147282,35.24986593,45.62957946,41.34609199
c,35.38293685,36.87553867,42.18711788,41.05427168
c,42.37005962,37.13466541,47.40942338,41.68725946
c,47.38031619,39.77185327,36.10792455,45.5753724
c,42.13464023,30.54222775,34.05469089,42.77894635
c,48.6631591,38.69205955,47.60513781,49.34235108
c,30.00158859,36.60790027,32.39087934,47.49367267
c,46.09090044,46.16998897,48.9007194,42.74184133
c,41.37988213,33.33398055,46.53731296,48.62377722
c,39.71226837,36.07832493,47.1315454,46.27988953
c,36.78712756,45.09290695,43.91622338,43.08706254
c,40.8132442,41.44783561,32.60519119,32.25403117
c,37.93524176,30.96956373,47.49352314,33.58483519
c,30.5912478,41.16478057,47.38897296,34.54182364
c,34.16891681,43.2708233,43.70439176,30.29046062
c,40.15866416,49.37461681,46.18536011,41.58395877
c,42.45999488,32.53044464,40.51680225,30.14656453
c,37.57884416,46.42012705,46.44689609,32.64007919
c,49.1608727,40.33746498,35.08611098,36.34899838
c,32.63769823,35.14209881,49.68374136,42.39542577
c,46.7200674,46.31619658,35.45383904,45.59569879
c,35.05401296,31.37067755,40.91697075,43.99644292
c,43.56306432,40.58596386,45.74376564,35.67856556
c,46.83161277,42.43551504,38.23074632,45.5934578
c,30.34157248,38.02870187,49.30846307,30.99648014
c,34.45649071,32.5228462,49.37649405,40.4685688
c,30.75431544,35.69253736,49.27939338,48.56759292
c,31.64203765,38.70761263,37.38220586,35.82686574
c,30.14247719,39.65948443,30.9736988,32.11900405
c,48.32549061,46.4887577,42.11999319,30.32909986
c,40.06293362,32.70537732,35.61080142,46.8319589
c,46.61872481,38.65582554,49.78501976,35.44393751
c,42.04239214,39.0801605,39.79194729,32.32068951
c,49.41652324,36.31497987,47.23893495,40.69791998
c,38.71556215,47.73666928,40.19581025,36.42302128
c,32.36543135,35.90257336,43.17093269,47.90124865
c,45.55048654,40.33601916,47.94329069,37.38087298
c,34.89634402,31.01438937,43.02956507,44.42753109
c,41.3641556,35.35773272,42.08462216,46.98877535
c,31.02392876,32.87868323,49.67843061,30.62560239
c,40.83152802,44.64272669,36.66192432,32.28852947
c,45.61602476,48.30115072,46.72886759,41.4415544
c,37.19108631,43.69728725,40.80031392,38.38813575
c,46.83613674,38.90993779,46.50276856,47.32909283
c,48.35004845,42.08615477,36.28071089,39.98311464
c,30.46214865,30.52883226,49.57865401,44.52635343
c,44.59236755,45.24284544,42.04745473,34.15834405
c,36.78438253,46.50674846,47.87411706,49.77729278
c,41.09263308,44.02533515,40.10386235,32.04853851
c,45.78613148,43.83163817,48.21777432,39.57578853
c,43.43901032,33.34522832,42.24885051,31.93549981
c,41.30978363,35.85695226,38.36383896,39.01056796
c,39.3683356,46.19853883,42.10774541,41.36025597
c,39.91166992,30.46877012,42.40245304,30.28909079
c,34.9164966,34.42620751,41.91041062,40.82821976
c,45.10875724,37.52173591,37.51888736,36.01851507
c,38.18721867,32.53247987,48.46981105,46.68548958
c,32.72031054,44.37191184,49.05475274,37.32186394
c,38.94238614,45.88927153,37.81414235,35.74441774
c,38.00765337,43.33468351,45.82433067,31.86752609
c,37.21701974,49.65464459,32.92565131,39.2365721
c,40.31514714,39.89583993,42.63916021,41.89020912
c,39.16204034,49.73351868,44.03926787,38.67121423
c,45.91551561,35.50394889,41.99400137,47.28147534
c,43.31793822,42.10874609,45.95417971,41.17741916
c,34.76264222,43.77215947,31.86729835,43.82797799
c,45.52247727,31.87067118,31.81146805,36.9079667
c,41.85496194,43.9175526,41.5892717,31.67553392
c,35.65555445,38.27330226,47.790937,46.08312031
c,48.91257296,40.26616409,42.73076224,44.09714607
c,44.42434739,37.14521861,38.1802514,48.25242778
c,47.0711959,41.65180755,46.96595153,31.64310816
c,43.39186613,36.98334123,35.26952131,31.35266103
c,36.29610266,39.53682108,37.86208314,41.7513155
c,46.45203862,30.05768484,33.52444483,43.14002711
c,32.21913989,48.68286358,38.54931369,38.89590302
c,45.95445627,44.85522919,32.4911448,32.57476753
c,36.10197586,39.19988218,42.22381302,35.3523411
c,41.68190054,31.19101783,37.88581517,33.73627932
c,48.62869227,33.80138275,37.43724336,47.65711038
c,45.88378044,34.31462582,35.3223128,49.84687576
c,33.23084235,49.09411881,45.12573896,38.84008047
c,32.56859985,39.34010765,36.1308087,39.98231543
c,39.64811345,44.73033573,49.33151253,31.50772173
c,44.25858488,32.3275622,39.72063137,36.04722558
c,43.42770045,49.25068182,48.57021691,41.85526945
c,34.40959546,49.34442769,41.94042286,42.59353994
c,42.06553373,36.44592523,39.79717873,49.68596897
c,48.69944361,49.83464511,43.88873615,37.06008174
c,33.49247042,31.06558829,31.92563716,44.5155255
c,33.38774395,35.62380138,40.6281963,33.01141354
c,47.60858703,47.70163447,30.85010977,32.83988551
c,43.95042554,41.88838792,34.25634949,33.95407828
c,46.56868947,31.67532934,42.9280088,36.64447114
c,32.19202418,31.41729414,40.78632902,30.3083609
c,34.52216979,35.75539848,48.87263462,38.23299633
c,35.03888387,48.49366141,45.29045992,37.11368801
c,42.51033363,31.53560918,45.01067211,31.45398638
c,33.21639153,33.7252277,44.75992533,35.04580136
c,39.2243239,39.29990347,33.85731455,44.40312952
c,33.01337038,46.15127586,43.13362844,42.32381713
c,43.3267639,45.20320205,30.9621361,43.67958308
c,49.33675491,43.95432548,47.94936147,30.08530772
c,38.04024745,39.59600868,39.97884573,35.27435803
c,33.25967647,40.10468284,43.07041985,38.8075246
c,33.70579781,35.32093909,32.91203983,42.16890924
c,32.26607958,34.2659765,36.94077824,38.35288787
c,49.01442637,49.8092951,37.49408278,43.72205893
c,36.39499796,47.28980647,30.82195675,39.21686852
c,46.61490578,39.80581838,38.64523955,46.9233709
c,48.48761389,49.627628,36.46470097,47.55639071
c,43.8008952,42.54973738,45.97018664,44.59110594
c,41.74022513,39.98799611,37.66860151,41.57687309
c,43.98053148,42.240241,44.24402103,40.5928856
c,32.76624357,35.56730046,35.18278017,31.85604116
c,39.63161912,45.61450213,48.84090074,47.16718037
c,43.37035679,40.1821056,39.40076153,33.18262725
c,42.44553872,35.46637034,33.05843504,44.42375787
c,49.23796707,41.63123277,40.30266237,40.48809498
c,41.36300342,35.93387073,39.29095036,37.10120961
c,38.74304227,34.61569871,49.09781981,46.4494998
c,34.20478326,48.38361824,31.00476135,48.65968058
c,30.07749928,30.54464445,31.02098219,43.34162174
c,43.60052797,41.72028794,47.46856584,37.78693242
c,39.9052448,40.55537481,33.73519112,36.7164877
c,32.91880849,45.94925444,48.1920937,47.3958599
c,41.74399953,43.07563049,40.7944789,43.4884127
c,42.90150498,42.82053318,39.0261325,41.19158604
c,37.27803215,32.25622737,44.61950211,32.00268442
c,34.70566684,32.3821426,36.87705311,47.88626659
c,48.8049233,48.60217639,38.43924202,46.66601213
c,30.05596393,39.27101935,34.98896595,38.13971961
c,46.01949174,38.13042027,31.65189632,44.71687426
c,44.21086547,47.56960127,35.74662444,44.30401281
c,45.33799994,31.38230082,38.05807894,37.71387527
c,32.44565819,38.05621595,42.9522105,38.05013264
c,44.96577054,38.61889247,31.41946701,35.32025333
c,35.75543882,46.67738771,30.52911747,45.95485256
c,43.91133471,42.52732031,47.79600631,33.96264938
c,36.4812019,48.07019667,49.60586328,48.12593914
c,38.15023974,34.76618769,39.1148105,37.94227294
c,39.56214482,32.96280957,40.93325451,49.94380691
c,32.14163802,47.67824324,47.42387083,45.57658244
c,40.11732573,33.28131154,44.58792561,41.99775657
c,48.90078603,37.49840757,34.28370847,37.94961018
c,43.05978414,33.7909597,43.91538277,48.29491662
c,46.83057569,40.38528534,44.75008967,32.84905428
c,45.44626302,34.09998573,45.66567444,47.82001717
c,36.51522467,47.60429172,30.40093221,31.4682625
c,37.26564874,49.85407531,43.27481068,39.52411648
c,35.67924857,31.19051092,40.86052181,30.45123474
c,41.36925745,46.94964227,35.24506431,45.82040852
c,45.51484188,36.41942036,38.27417474,36.85876755
c,38.24609227,47.59402708,35.57726977,34.6652367
c,36.58079339,42.41359918,34.18645831,48.63386518
c,46.34619683,32.04074873,38.20825087,45.30243594
c,37.47605773,37.2135462,33.27610573,48.14454657
c,33.65522709,44.82792453,42.40650145,47.74913029